i, th1+'--',vsum, vavg, vmed, vstd, vvar, vmax, vmin, totalpix, nanpix, statipix,
S20030012003031.MON.chlor_a.csv,0--,185660.284975,0.489347199753,0.428751409054,0.311616910458,0.0971050988834,4.64076340199,0.137289628386,985680,606196,379404
S20030012003031.MON.chlor_a.csv,5--,658.42468071,8.23030850887,8.96558856964,1.72232383218,2.96639938288,9.84506130219,5.4199848175,985680,606196,80
S20030012003031.MON.chlor_a.csv,10--,0,0,0,0,0,0,0,985680,606196,0
S20030012003031.MON.chlor_a.csv,15--,0,0,0,0,0,0,0,985680,606196,0
S20030012003031.MON.chlor_a.csv,20--,0,0,0,0,0,0,0,985680,606196,0
S20030012003031.MON.chlor_a.csv,25--,0,0,0,0,0,0,0,985680,606196,0
S20030012003031.MON.chlor_a.csv,30--,0,0,0,0,0,0,0,985680,606196,0
S20030012003031.MON.chlor_a.csv,35--,0,0,0,0,0,0,0,985680,606196,0
S20030012003031.MON.chlor_a.csv,40--,0,0,0,0,0,0,0,985680,606196,0
S20030012003031.MON.chlor_a.csv,45--,0,0,0,0,0,0,0,985680,606196,0
S20030012003031.MON.chlor_a.csv,50--,0,0,0,0,0,0,0,985680,606196,0
S20030012003031.MON.chlor_a.csv,55--,0,0,0,0,0,0,0,985680,606196,0
S20030012003031.MON.chlor_a.csv,60--,0,0,0,0,0,0,0,985680,606196,0
S20030012003031.MON.chlor_a.csv,65--,0,0,0,0,0,0,0,985680,606196,0
S20030322003059.MON.chlor_a.csv,0--,278409.829822,0.499683813656,0.437676176429,0.298133338276,0.0888834873914,4.99200439453,0.112124308944,985680,427584,557172
S20030322003059.MON.chlor_a.csv,5--,5277.5563611,6.66358126401,6.28261423111,1.25401697035,1.57255856194,9.51844882965,5.03225982189,985680,427584,792
S20030322003059.MON.chlor_a.csv,10--,932.110361576,12.5960859672,11.6492643356,1.59958928322,2.55868587499,14.4413528442,10.4033545256,985680,427584,74
S20030322003059.MON.chlor_a.csv,15--,508.15372467,17.52254223,17.8377628326,0.469903130256,0.220808951824,17.8377628326,16.822052002,985680,427584,29
S20030322003059.MON.chlor_a.csv,20--,581.663431168,20.0573596954,20.0573596954,0.0,0.0,20.0573596954,20.0573596954,985680,427584,29
S20030322003059.MON.chlor_a.csv,25--,0,0,0,0,0,0,0,985680,427584,0
S20030322003059.MON.chlor_a.csv,30--,0,0,0,0,0,0,0,985680,427584,0
S20030322003059.MON.chlor_a.csv,35--,0,0,0,0,0,0,0,985680,427584,0
S20030322003059.MON.chlor_a.csv,40--,0,0,0,0,0,0,0,985680,427584,0
S20030322003059.MON.chlor_a.csv,45--,0,0,0,0,0,0,0,985680,427584,0
S20030322003059.MON.chlor_a.csv,50--,0,0,0,0,0,0,0,985680,427584,0
S20030322003059.MON.chlor_a.csv,55--,0,0,0,0,0,0,0,985680,427584,0
S20030322003059.MON.chlor_a.csv,60--,0,0,0,0,0,0,0,985680,427584,0
S20030322003059.MON.chlor_a.csv,65--,0,0,0,0,0,0,0,985680,427584,0
S20030602003090.MON.chlor_a.csv,0--,466070.826537,0.819783734053,0.723094165325,0.497674966496,0.247680372277,4.99854588509,0.179079636931,985680,416537,568529
S20030602003090.MON.chlor_a.csv,5--,3360.8421573,6.35319878507,6.00305056572,1.34883244825,1.81934897344,9.88368099928,5.01042814553,985680,416537,529
S20030602003090.MON.chlor_a.csv,10--,629.696416398,11.2445788642,10.710140268,0.724997924336,0.525621990292,12.8453989029,10.1387805939,985680,416537,56
S20030602003090.MON.chlor_a.csv,15--,517.859329333,17.8572182529,17.7895252506,0.210396944014,0.0442668740505,18.2446516355,17.5992054542,985680,416537,29
S20030602003090.MON.chlor_a.csv,20--,0,0,0,0,0,0,0,985680,416537,0
S20030602003090.MON.chlor_a.csv,25--,0,0,0,0,0,0,0,985680,416537,0
S20030602003090.MON.chlor_a.csv,30--,0,0,0,0,0,0,0,985680,416537,0
S20030602003090.MON.chlor_a.csv,35--,0,0,0,0,0,0,0,985680,416537,0
S20030602003090.MON.chlor_a.csv,40--,0,0,0,0,0,0,0,985680,416537,0
S20030602003090.MON.chlor_a.csv,45--,0,0,0,0,0,0,0,985680,416537,0
S20030602003090.MON.chlor_a.csv,50--,0,0,0,0,0,0,0,985680,416537,0
S20030602003090.MON.chlor_a.csv,55--,0,0,0,0,0,0,0,985680,416537,0
S20030602003090.MON.chlor_a.csv,60--,0,0,0,0,0,0,0,985680,416537,0
S20030602003090.MON.chlor_a.csv,65--,0,0,0,0,0,0,0,985680,416537,0
S20030912003120.MON.chlor_a.csv,0--,757353.169541,1.41632288612,1.29324382544,0.695283513669,0.48341916438,4.99928229302,0.310583002865,985680,422627,534732
S20030912003120.MON.chlor_a.csv,5--,159908.915524,6.78615326447,6.53439640999,1.26634965235,1.603641442,9.99967060089,5.00017940402,985680,422627,23564
S20030912003120.MON.chlor_a.csv,10--,41654.5138232,11.8775345946,11.565908879,1.45473308283,2.11624834229,14.9901501139,10.0019931793,985680,422627,3507
S20030912003120.MON.chlor_a.csv,15--,17506.4944996,16.881865477,16.7568479776,1.25311142703,1.57028824857,19.3351535797,15.0014684439,985680,422627,1037
S20030912003120.MON.chlor_a.csv,20--,2382.42111912,21.271617135,21.1909561157,0.679898031679,0.462261333481,22.9529576302,20.1479605238,985680,422627,112
S20030912003120.MON.chlor_a.csv,25--,935.207030177,27.5060891229,27.5980796814,0.295504115963,0.0873226825511,27.8249239922,26.4463900924,985680,422627,34
S20030912003120.MON.chlor_a.csv,30--,864.282442808,30.8672301003,30.1810722351,0.88166010957,0.777324548806,32.1868848801,30.1810722351,985680,422627,28
S20030912003120.MON.chlor_a.csv,35--,952.977722168,35.2954711914,35.2954711914,0.0,0.0,35.2954711914,35.2954711914,985680,422627,27
S20030912003120.MON.chlor_a.csv,40--,0,0,0,0,0,0,0,985680,422627,0
S20030912003120.MON.chlor_a.csv,45--,541.827200651,45.1522667209,45.0593428612,0.30819357688,0.0949832808298,46.1744291782,45.0593428612,985680,422627,12
S20030912003120.MON.chlor_a.csv,50--,0,0,0,0,0,0,0,985680,422627,0
S20030912003120.MON.chlor_a.csv,55--,0,0,0,0,0,0,0,985680,422627,0
S20030912003120.MON.chlor_a.csv,60--,0,0,0,0,0,0,0,985680,422627,0
S20030912003120.MON.chlor_a.csv,65--,0,0,0,0,0,0,0,985680,422627,0
S20031212003151.MON.chlor_a.csv,0--,442210.729056,0.815712373469,0.759304195642,0.391462596771,0.153242964671,4.91046285629,0.18221655488,985680,443438,542116
S20031212003151.MON.chlor_a.csv,5--,798.74257952,6.33922682159,5.90966272354,0.857911667178,0.73601242868,9.04708766937,5.36914688349,985680,443438,126
S20031212003151.MON.chlor_a.csv,10--,0,0,0,0,0,0,0,985680,443438,0
S20031212003151.MON.chlor_a.csv,15--,0,0,0,0,0,0,0,985680,443438,0
S20031212003151.MON.chlor_a.csv,20--,0,0,0,0,0,0,0,985680,443438,0
S20031212003151.MON.chlor_a.csv,25--,0,0,0,0,0,0,0,985680,443438,0
S20031212003151.MON.chlor_a.csv,30--,0,0,0,0,0,0,0,985680,443438,0
S20031212003151.MON.chlor_a.csv,35--,0,0,0,0,0,0,0,985680,443438,0
S20031212003151.MON.chlor_a.csv,40--,0,0,0,0,0,0,0,985680,443438,0
S20031212003151.MON.chlor_a.csv,45--,0,0,0,0,0,0,0,985680,443438,0
S20031212003151.MON.chlor_a.csv,50--,0,0,0,0,0,0,0,985680,443438,0
S20031212003151.MON.chlor_a.csv,55--,0,0,0,0,0,0,0,985680,443438,0
S20031212003151.MON.chlor_a.csv,60--,0,0,0,0,0,0,0,985680,443438,0
S20031212003151.MON.chlor_a.csv,65--,0,0,0,0,0,0,0,985680,443438,0
S20031522003181.MON.chlor_a.csv,0--,152936.433441,0.357268014355,0.333365514874,0.15645297213,0.0244775324882,3.77441644669,0.110452443361,985680,557608,428072
S20031522003181.MON.chlor_a.csv,5--,0,0,0,0,0,0,0,985680,557608,0
S20031522003181.MON.chlor_a.csv,10--,0,0,0,0,0,0,0,985680,557608,0
S20031522003181.MON.chlor_a.csv,15--,0,0,0,0,0,0,0,985680,557608,0
S20031522003181.MON.chlor_a.csv,20--,0,0,0,0,0,0,0,985680,557608,0
S20031522003181.MON.chlor_a.csv,25--,0,0,0,0,0,0,0,985680,557608,0
S20031522003181.MON.chlor_a.csv,30--,0,0,0,0,0,0,0,985680,557608,0
S20031522003181.MON.chlor_a.csv,35--,0,0,0,0,0,0,0,985680,557608,0
S20031522003181.MON.chlor_a.csv,40--,0,0,0,0,0,0,0,985680,557608,0
S20031522003181.MON.chlor_a.csv,45--,0,0,0,0,0,0,0,985680,557608,0
S20031522003181.MON.chlor_a.csv,50--,0,0,0,0,0,0,0,985680,557608,0
S20031522003181.MON.chlor_a.csv,55--,0,0,0,0,0,0,0,985680,557608,0
S20031522003181.MON.chlor_a.csv,60--,0,0,0,0,0,0,0,985680,557608,0
S20031522003181.MON.chlor_a.csv,65--,0,0,0,0,0,0,0,985680,557608,0
S20031822003212.MON.chlor_a.csv,0--,106647.61096,0.342348149897,0.287329912186,0.248600546064,0.0618022315035,4.98180389404,0.114869721234,985680,674019,311518
S20031822003212.MON.chlor_a.csv,5--,721.596288443,5.55074068033,5.3013048172,0.5675249783,0.322084600994,6.4979352951,5.0168967247,985680,674019,130
S20031822003212.MON.chlor_a.csv,10--,146.723321915,11.2864093781,11.2864093781,0.0,0.0,11.2864093781,11.2864093781,985680,674019,13
S20031822003212.MON.chlor_a.csv,15--,0,0,0,0,0,0,0,985680,674019,0
S20031822003212.MON.chlor_a.csv,20--,0,0,0,0,0,0,0,985680,674019,0
S20031822003212.MON.chlor_a.csv,25--,0,0,0,0,0,0,0,985680,674019,0
S20031822003212.MON.chlor_a.csv,30--,0,0,0,0,0,0,0,985680,674019,0
S20031822003212.MON.chlor_a.csv,35--,0,0,0,0,0,0,0,985680,674019,0
S20031822003212.MON.chlor_a.csv,40--,0,0,0,0,0,0,0,985680,674019,0
S20031822003212.MON.chlor_a.csv,45--,0,0,0,0,0,0,0,985680,674019,0
S20031822003212.MON.chlor_a.csv,50--,0,0,0,0,0,0,0,985680,674019,0
S20031822003212.MON.chlor_a.csv,55--,0,0,0,0,0,0,0,985680,674019,0
S20031822003212.MON.chlor_a.csv,60--,0,0,0,0,0,0,0,985680,674019,0
S20031822003212.MON.chlor_a.csv,65--,0,0,0,0,0,0,0,985680,674019,0
S20032132003243.MON.chlor_a.csv,0--,174912.349801,0.33986990994,0.266993314028,0.31056997217,0.0964537076134,4.99528098106,0.0717654153705,985680,470446,514645
S20032132003243.MON.chlor_a.csv,5--,3185.47818075,6.46141618814,6.09686024984,1.31445709478,1.72779745403,9.70784473419,5.00774383545,985680,470446,493
S20032132003243.MON.chlor_a.csv,10--,810.640060027,11.1046583565,10.3443803787,1.5219517025,2.31633698474,14.8245054781,10.0712373257,985680,470446,73
S20032132003243.MON.chlor_a.csv,15--,307.407722404,16.1793538107,16.8232250214,0.903408163139,0.816146309226,17.31680577,15.0050630569,985680,470446,19
S20032132003243.MON.chlor_a.csv,20--,87.4498310089,21.8624577522,21.8624577522,0.00244818627834,5.99361605347e-06,21.8649059385,21.8600095659,985680,470446,4
S20032132003243.MON.chlor_a.csv,25--,0,0,0,0,0,0,0,985680,470446,0
S20032132003243.MON.chlor_a.csv,30--,0,0,0,0,0,0,0,985680,470446,0
S20032132003243.MON.chlor_a.csv,35--,0,0,0,0,0,0,0,985680,470446,0
S20032132003243.MON.chlor_a.csv,40--,0,0,0,0,0,0,0,985680,470446,0
S20032132003243.MON.chlor_a.csv,45--,0,0,0,0,0,0,0,985680,470446,0
S20032132003243.MON.chlor_a.csv,50--,0,0,0,0,0,0,0,985680,470446,0
S20032132003243.MON.chlor_a.csv,55--,0,0,0,0,0,0,0,985680,470446,0
S20032132003243.MON.chlor_a.csv,60--,0,0,0,0,0,0,0,985680,470446,0
S20032132003243.MON.chlor_a.csv,65--,0,0,0,0,0,0,0,985680,470446,0
S20032442003273.MON.chlor_a.csv,0--,325782.097209,0.569597915221,0.434899579734,0.464179034906,0.215462176447,4.98981273174,0.0956803113222,985680,412224,571951
S20032442003273.MON.chlor_a.csv,5--,8270.97310254,6.50233734476,6.24805133541,1.1862126151,1.40710036822,9.96328608195,5.0020635128,985680,412224,1272
S20032442003273.MON.chlor_a.csv,10--,496.56144618,12.1112547849,10.6378142834,1.69634996953,2.87760321911,13.9869479537,10.319188118,985680,412224,41
S20032442003273.MON.chlor_a.csv,15--,1068.3708148,17.5142756524,17.8315067291,1.41051398407,1.98954969926,19.6840094209,15.5280925632,985680,412224,61
S20032442003273.MON.chlor_a.csv,20--,2148.65681475,21.9250695382,20.6786549886,1.86654784168,3.48400084529,24.9328267425,20.2467498382,985680,412224,98
S20032442003273.MON.chlor_a.csv,25--,126.152042747,25.2304085493,25.2854119167,0.110006734729,0.0121014816857,25.2854119167,25.0103950799,985680,412224,5
S20032442003273.MON.chlor_a.csv,30--,0,0,0,0,0,0,0,985680,412224,0
S20032442003273.MON.chlor_a.csv,35--,0,0,0,0,0,0,0,985680,412224,0
S20032442003273.MON.chlor_a.csv,40--,1139.46725464,40.6952590942,40.6952590942,0.0,0.0,40.6952590942,40.6952590942,985680,412224,28
S20032442003273.MON.chlor_a.csv,45--,0,0,0,0,0,0,0,985680,412224,0
S20032442003273.MON.chlor_a.csv,50--,0,0,0,0,0,0,0,985680,412224,0
S20032442003273.MON.chlor_a.csv,55--,0,0,0,0,0,0,0,985680,412224,0
S20032442003273.MON.chlor_a.csv,60--,0,0,0,0,0,0,0,985680,412224,0
S20032442003273.MON.chlor_a.csv,65--,0,0,0,0,0,0,0,985680,412224,0
S20032742003304.MON.chlor_a.csv,0--,389612.228062,0.669882255145,0.526747625321,0.444453926613,0.197539292881,4.99712219834,0.207579985261,985680,403519,581613
S20032742003304.MON.chlor_a.csv,5--,2562.44065162,6.77894352281,6.77233076096,1.28288678635,1.6457985066,9.88763323426,5.00050266584,985680,403519,378
S20032742003304.MON.chlor_a.csv,10--,725.074079476,12.7205978855,12.775097847,0.715941818279,0.512572687161,14.3675340176,10.6342348201,985680,403519,57
S20032742003304.MON.chlor_a.csv,15--,309.127284139,17.1737380077,17.172627598,0.456064260077,0.20799460932,18.1000641982,16.7104769647,985680,403519,18
S20032742003304.MON.chlor_a.csv,20--,401.588922739,22.3104957077,22.5388843218,0.367742804707,0.135234770414,22.5388843218,21.5383944114,985680,403519,18
S20032742003304.MON.chlor_a.csv,25--,335.157468081,25.7813436985,25.7813436985,0.0,0.0,25.7813436985,25.7813436985,985680,403519,13
S20032742003304.MON.chlor_a.csv,30--,576.859746456,32.047763692,32.1333216429,0.365787172968,0.133800255908,32.4202725887,31.5277872086,985680,403519,18
S20032742003304.MON.chlor_a.csv,35--,0,0,0,0,0,0,0,985680,403519,0
S20032742003304.MON.chlor_a.csv,40--,614.888038635,43.9205741882,43.9205741882,0.0,0.0,43.9205741882,43.9205741882,985680,403519,14
S20032742003304.MON.chlor_a.csv,45--,0,0,0,0,0,0,0,985680,403519,0
S20032742003304.MON.chlor_a.csv,50--,0,0,0,0,0,0,0,985680,403519,0
S20032742003304.MON.chlor_a.csv,55--,0,0,0,0,0,0,0,985680,403519,0
S20032742003304.MON.chlor_a.csv,60--,1982.07353973,61.9397981167,62.1961708069,0.533682312383,0.28481681055,62.1961708069,60.8288497925,985680,403519,32
S20032742003304.MON.chlor_a.csv,65--,0,0,0,0,0,0,0,985680,403519,0
S20033052003334.MON.chlor_a.csv,0--,481919.842501,0.878359495609,0.757693282195,0.521009802365,0.27145121416,4.99892916679,0.0963223055005,985680,434380,548659
S20033052003334.MON.chlor_a.csv,5--,14118.8380941,6.28062192799,5.81532470385,1.18050255297,1.39358627758,9.88495531678,5.00738501549,985680,434380,2248
S20033052003334.MON.chlor_a.csv,10--,3691.43755396,11.8315306217,11.495390892,1.18303586478,1.39957385736,14.9890089234,10.0083321532,985680,434380,312
S20033052003334.MON.chlor_a.csv,15--,465.710005629,17.248518727,16.5548521519,1.11251629224,1.2376925005,19.3610829115,15.6098365784,985680,434380,27
S20033052003334.MON.chlor_a.csv,20--,285.135932604,23.761327717,23.8308594624,0.818179046558,0.669416952227,24.6726096471,22.7685995102,985680,434380,12
S20033052003334.MON.chlor_a.csv,25--,777.49667415,26.8102301431,26.7987110913,0.022553036629,0.000508639461191,26.8543865085,26.7987110913,985680,434380,29
S20033052003334.MON.chlor_a.csv,30--,230.106392622,32.8723418031,32.9154577255,0.0564931699978,0.0031914782564,32.9231379032,32.8071737289,985680,434380,7
S20033052003334.MON.chlor_a.csv,35--,0,0,0,0,0,0,0,985680,434380,0
S20033052003334.MON.chlor_a.csv,40--,0,0,0,0,0,0,0,985680,434380,0
S20033052003334.MON.chlor_a.csv,45--,0,0,0,0,0,0,0,985680,434380,0
S20033052003334.MON.chlor_a.csv,50--,0,0,0,0,0,0,0,985680,434380,0
S20033052003334.MON.chlor_a.csv,55--,0,0,0,0,0,0,0,985680,434380,0
S20033052003334.MON.chlor_a.csv,60--,374.518638611,62.4197731018,62.4197731018,0.0,0.0,62.4197731018,62.4197731018,985680,434380,6
S20033052003334.MON.chlor_a.csv,65--,0,0,0,0,0,0,0,985680,434380,0
S20033352003365.MON.chlor_a.csv,0--,242547.698826,0.587767863602,0.505575601544,0.378764407917,0.143462476705,4.99825212955,0.10396065563,985680,572487,412659
S20033352003365.MON.chlor_a.csv,5--,2984.25977405,6.44548547311,6.10864671071,1.25698992741,1.58002367761,9.69675719738,5.0008752346,985680,572487,463
S20033352003365.MON.chlor_a.csv,10--,226.205161492,10.2820527951,10.1431341171,0.240623419134,0.0578996298356,10.8426436583,10.1431341171,985680,572487,22
S20033352003365.MON.chlor_a.csv,15--,842.463098049,17.19312445,17.787065506,0.849628813276,0.721869120349,17.787065506,15.030810833,985680,572487,49
S20033352003365.MON.chlor_a.csv,20--,0,0,0,0,0,0,0,985680,572487,0
S20033352003365.MON.chlor_a.csv,25--,0,0,0,0,0,0,0,985680,572487,0
S20033352003365.MON.chlor_a.csv,30--,0,0,0,0,0,0,0,985680,572487,0
S20033352003365.MON.chlor_a.csv,35--,0,0,0,0,0,0,0,985680,572487,0
S20033352003365.MON.chlor_a.csv,40--,0,0,0,0,0,0,0,985680,572487,0
S20033352003365.MON.chlor_a.csv,45--,0,0,0,0,0,0,0,985680,572487,0
S20033352003365.MON.chlor_a.csv,50--,0,0,0,0,0,0,0,985680,572487,0
S20033352003365.MON.chlor_a.csv,55--,0,0,0,0,0,0,0,985680,572487,0
S20033352003365.MON.chlor_a.csv,60--,0,0,0,0,0,0,0,985680,572487,0
S20033352003365.MON.chlor_a.csv,65--,0,0,0,0,0,0,0,985680,572487,0
S20040012004031.MON.chlor_a.csv,0--,238960.718193,0.528007137427,0.474226519465,0.305276569695,0.0931937840047,4.97778511047,0.13444301486,985680,532977,452571
S20040012004031.MON.chlor_a.csv,5--,830.360827833,7.22052893768,6.68443441391,1.7915329065,3.20959015509,9.80926847458,5.13388538361,985680,532977,115
S20040012004031.MON.chlor_a.csv,10--,0,0,0,0,0,0,0,985680,532977,0
S20040012004031.MON.chlor_a.csv,15--,299.161915779,17.5977597517,17.9478569031,0.756296285746,0.571984071834,17.9478569031,15.9639730453,985680,532977,17
S20040012004031.MON.chlor_a.csv,20--,0,0,0,0,0,0,0,985680,532977,0
S20040012004031.MON.chlor_a.csv,25--,0,0,0,0,0,0,0,985680,532977,0
S20040012004031.MON.chlor_a.csv,30--,0,0,0,0,0,0,0,985680,532977,0
S20040012004031.MON.chlor_a.csv,35--,0,0,0,0,0,0,0,985680,532977,0
S20040012004031.MON.chlor_a.csv,40--,0,0,0,0,0,0,0,985680,532977,0
S20040012004031.MON.chlor_a.csv,45--,0,0,0,0,0,0,0,985680,532977,0
S20040012004031.MON.chlor_a.csv,50--,0,0,0,0,0,0,0,985680,532977,0
S20040012004031.MON.chlor_a.csv,55--,0,0,0,0,0,0,0,985680,532977,0
S20040012004031.MON.chlor_a.csv,60--,0,0,0,0,0,0,0,985680,532977,0
S20040012004031.MON.chlor_a.csv,65--,0,0,0,0,0,0,0,985680,532977,0
S20040322004060.MON.chlor_a.csv,0--,323982.089364,0.583767289861,0.474378466606,0.406958263246,0.165615028024,4.99878531032,0.125192001462,985680,429488,554985
S20040322004060.MON.chlor_a.csv,5--,7062.68958905,6.46174710801,6.14872956276,1.26797813951,1.60776856228,9.77249940236,5.00506724417,985680,429488,1093
S20040322004060.MON.chlor_a.csv,10--,1009.32722352,11.8744379238,12.2872183671,0.947616903245,0.897977795316,13.589287281,10.0359656016,985680,429488,85
S20040322004060.MON.chlor_a.csv,15--,202.659952879,16.8883294066,16.8604171276,0.537658980706,0.289077179533,18.4866352081,16.2147817612,985680,429488,12
S20040322004060.MON.chlor_a.csv,20--,0,0,0,0,0,0,0,985680,429488,0
S20040322004060.MON.chlor_a.csv,25--,474.913473129,27.9360866547,27.9360866547,0.0,0.0,27.9360866547,27.9360866547,985680,429488,17
S20040322004060.MON.chlor_a.csv,30--,0,0,0,0,0,0,0,985680,429488,0
S20040322004060.MON.chlor_a.csv,35--,0,0,0,0,0,0,0,985680,429488,0
S20040322004060.MON.chlor_a.csv,40--,0,0,0,0,0,0,0,985680,429488,0
S20040322004060.MON.chlor_a.csv,45--,0,0,0,0,0,0,0,985680,429488,0
S20040322004060.MON.chlor_a.csv,50--,0,0,0,0,0,0,0,985680,429488,0
S20040322004060.MON.chlor_a.csv,55--,0,0,0,0,0,0,0,985680,429488,0
S20040322004060.MON.chlor_a.csv,60--,0,0,0,0,0,0,0,985680,429488,0
S20040322004060.MON.chlor_a.csv,65--,0,0,0,0,0,0,0,985680,429488,0
S20040612004091.MON.chlor_a.csv,0--,389596.291074,0.688636837957,0.617994123697,0.365106885351,0.133303037731,4.99137420952,0.233882769942,985680,419360,565750
S20040612004091.MON.chlor_a.csv,5--,3591.91336378,6.47191597077,6.33901768923,1.08774001037,1.18317833017,8.95858979225,5.00684087276,985680,419360,555
S20040612004091.MON.chlor_a.csv,10--,219.571139336,14.6380759557,14.678809166,0.27567963365,0.0759992604096,14.9378728867,13.9847145081,985680,419360,15
S20040612004091.MON.chlor_a.csv,15--,0,0,0,0,0,0,0,985680,419360,0
S20040612004091.MON.chlor_a.csv,20--,0,0,0,0,0,0,0,985680,419360,0
S20040612004091.MON.chlor_a.csv,25--,0,0,0,0,0,0,0,985680,419360,0
S20040612004091.MON.chlor_a.csv,30--,0,0,0,0,0,0,0,985680,419360,0
S20040612004091.MON.chlor_a.csv,35--,0,0,0,0,0,0,0,985680,419360,0
S20040612004091.MON.chlor_a.csv,40--,0,0,0,0,0,0,0,985680,419360,0
S20040612004091.MON.chlor_a.csv,45--,0,0,0,0,0,0,0,985680,419360,0
S20040612004091.MON.chlor_a.csv,50--,0,0,0,0,0,0,0,985680,419360,0
S20040612004091.MON.chlor_a.csv,55--,0,0,0,0,0,0,0,985680,419360,0
S20040612004091.MON.chlor_a.csv,60--,0,0,0,0,0,0,0,985680,419360,0
S20040612004091.MON.chlor_a.csv,65--,0,0,0,0,0,0,0,985680,419360,0
S20040922004121.MON.chlor_a.csv,0--,585037.012592,1.01449335348,0.899697802961,0.494168190086,0.244202200093,4.99955275655,0.278717756271,985680,408132,576679
S20040922004121.MON.chlor_a.csv,5--,5133.31561604,6.26014099517,5.81465959549,1.18995605802,1.41599542001,9.97582705816,5.00288257599,985680,408132,820
S20040922004121.MON.chlor_a.csv,10--,340.200217893,12.1500077819,10.8276343445,2.05040824146,4.20417395665,14.6058439016,10.1668958664,985680,408132,28
S20040922004121.MON.chlor_a.csv,15--,230.567380905,17.7359523773,17.7359523773,0.0,0.0,17.7359523773,17.7359523773,985680,408132,13
S20040922004121.MON.chlor_a.csv,20--,0,0,0,0,0,0,0,985680,408132,0
S20040922004121.MON.chlor_a.csv,25--,213.771408081,26.7214260101,26.7214260101,0.0,0.0,26.7214260101,26.7214260101,985680,408132,8
S20040922004121.MON.chlor_a.csv,30--,0,0,0,0,0,0,0,985680,408132,0
S20040922004121.MON.chlor_a.csv,35--,0,0,0,0,0,0,0,985680,408132,0
S20040922004121.MON.chlor_a.csv,40--,0,0,0,0,0,0,0,985680,408132,0
S20040922004121.MON.chlor_a.csv,45--,0,0,0,0,0,0,0,985680,408132,0
S20040922004121.MON.chlor_a.csv,50--,0,0,0,0,0,0,0,985680,408132,0
S20040922004121.MON.chlor_a.csv,55--,0,0,0,0,0,0,0,985680,408132,0
S20040922004121.MON.chlor_a.csv,60--,0,0,0,0,0,0,0,985680,408132,0
S20040922004121.MON.chlor_a.csv,65--,0,0,0,0,0,0,0,985680,408132,0
S20041222004152.MON.chlor_a.csv,0--,439392.155744,0.769490498083,0.611751794815,0.589061032694,0.346992900239,4.9992907842,0.138613417745,985680,412267,571017
S20041222004152.MON.chlor_a.csv,5--,12874.4132483,6.44365027443,5.97896383206,1.37996099918,1.90429235926,9.94009399414,5.00195503235,985680,412267,1998
S20041222004152.MON.chlor_a.csv,10--,2134.65661643,11.5386844131,11.4103984833,1.24166048212,1.54172075285,14.4712482691,10.1611919403,985680,412267,185
S20041222004152.MON.chlor_a.csv,15--,2759.80970845,17.6910878747,18.0527988275,1.09517974862,1.19941868178,19.9206259251,15.1634203941,985680,412267,156
S20041222004152.MON.chlor_a.csv,20--,307.925248464,20.5283498976,20.4991701444,0.0743940654781,0.00553447697836,20.7180182934,20.4991701444,985680,412267,15
S20041222004152.MON.chlor_a.csv,25--,903.797213316,25.8227775233,26.0228254795,0.442034691919,0.19539466886,26.2495443821,25.3443317413,985680,412267,35
S20041222004152.MON.chlor_a.csv,30--,241.233692169,34.4619560242,34.4619560242,0.0,0.0,34.4619560242,34.4619560242,985680,412267,7
S20041222004152.MON.chlor_a.csv,35--,0,0,0,0,0,0,0,985680,412267,0
S20041222004152.MON.chlor_a.csv,40--,0,0,0,0,0,0,0,985680,412267,0
S20041222004152.MON.chlor_a.csv,45--,0,0,0,0,0,0,0,985680,412267,0
S20041222004152.MON.chlor_a.csv,50--,0,0,0,0,0,0,0,985680,412267,0
S20041222004152.MON.chlor_a.csv,55--,0,0,0,0,0,0,0,985680,412267,0
S20041222004152.MON.chlor_a.csv,60--,0,0,0,0,0,0,0,985680,412267,0
S20041222004152.MON.chlor_a.csv,65--,0,0,0,0,0,0,0,985680,412267,0
S20041532004182.MON.chlor_a.csv,0--,227456.592542,0.394257462928,0.313732251525,0.301153692202,0.0906935463266,4.98647111654,0.128735750914,985680,408343,576924
S20041532004182.MON.chlor_a.csv,5--,2232.59261305,6.15039287342,5.81905543804,1.0467273486,1.0956381423,9.82232952118,5.01661157608,985680,408343,363
S20041532004182.MON.chlor_a.csv,10--,560.513544083,11.2102708817,11.2102708817,0.0,0.0,11.2102708817,11.2102708817,985680,408343,50
S20041532004182.MON.chlor_a.csv,15--,0,0,0,0,0,0,0,985680,408343,0
S20041532004182.MON.chlor_a.csv,20--,0,0,0,0,0,0,0,985680,408343,0
S20041532004182.MON.chlor_a.csv,25--,0,0,0,0,0,0,0,985680,408343,0
S20041532004182.MON.chlor_a.csv,30--,0,0,0,0,0,0,0,985680,408343,0
S20041532004182.MON.chlor_a.csv,35--,0,0,0,0,0,0,0,985680,408343,0
S20041532004182.MON.chlor_a.csv,40--,0,0,0,0,0,0,0,985680,408343,0
S20041532004182.MON.chlor_a.csv,45--,0,0,0,0,0,0,0,985680,408343,0
S20041532004182.MON.chlor_a.csv,50--,0,0,0,0,0,0,0,985680,408343,0
S20041532004182.MON.chlor_a.csv,55--,0,0,0,0,0,0,0,985680,408343,0
S20041532004182.MON.chlor_a.csv,60--,0,0,0,0,0,0,0,985680,408343,0
S20041532004182.MON.chlor_a.csv,65--,0,0,0,0,0,0,0,985680,408343,0
S20041832004213.MON.chlor_a.csv,0--,204190.081173,0.362662879727,0.282097756863,0.307793525976,0.0947368546328,4.94458136559,0.112550009042,985680,422165,563030
S20041832004213.MON.chlor_a.csv,5--,2260.17258178,6.72670411245,6.49301242828,1.28665534097,1.65548196644,9.37644267082,5.02851849794,985680,422165,336
S20041832004213.MON.chlor_a.csv,10--,1258.9069643,13.1136142115,13.8115549088,1.80077881233,3.24280433093,14.9406032562,10.0729799271,985680,422165,96
S20041832004213.MON.chlor_a.csv,15--,305.87638855,15.2938194275,15.2938194275,0.0,0.0,15.2938194275,15.2938194275,985680,422165,20
S20041832004213.MON.chlor_a.csv,20--,23.9220943451,23.9220943451,23.9220943451,0.0,0.0,23.9220943451,23.9220943451,985680,422165,1
S20041832004213.MON.chlor_a.csv,25--,834.246887207,26.0702152252,26.0702152252,0.0,0.0,26.0702152252,26.0702152252,985680,422165,32
S20041832004213.MON.chlor_a.csv,30--,0,0,0,0,0,0,0,985680,422165,0
S20041832004213.MON.chlor_a.csv,35--,0,0,0,0,0,0,0,985680,422165,0
S20041832004213.MON.chlor_a.csv,40--,0,0,0,0,0,0,0,985680,422165,0
S20041832004213.MON.chlor_a.csv,45--,0,0,0,0,0,0,0,985680,422165,0
S20041832004213.MON.chlor_a.csv,50--,0,0,0,0,0,0,0,985680,422165,0
S20041832004213.MON.chlor_a.csv,55--,0,0,0,0,0,0,0,985680,422165,0
S20041832004213.MON.chlor_a.csv,60--,0,0,0,0,0,0,0,985680,422165,0
S20041832004213.MON.chlor_a.csv,65--,0,0,0,0,0,0,0,985680,422165,0
S20042142004244.MON.chlor_a.csv,0--,209866.038573,0.363631704967,0.29259519577,0.307143469265,0.0943371107122,4.95167022943,0.0896053686738,985680,407963,577139
S20042142004244.MON.chlor_a.csv,5--,2978.41900821,6.78455354945,6.76793384552,1.40603933087,1.97694659996,9.43326568604,5.00745793184,985680,407963,439
S20042142004244.MON.chlor_a.csv,10--,612.02106603,14.5719301436,14.8287582397,0.759851561903,0.577374396127,14.8287582397,10.9395481745,985680,407963,42
S20042142004244.MON.chlor_a.csv,15--,547.994994164,18.8963791091,18.577580452,0.516512857951,0.266785532429,19.733225584,18.577580452,985680,407963,29
S20042142004244.MON.chlor_a.csv,20--,0,0,0,0,0,0,0,985680,407963,0
S20042142004244.MON.chlor_a.csv,25--,402.628031611,28.7591451151,28.7772474885,0.0443415779527,0.00196617553533,28.7772474885,28.6505308747,985680,407963,14
S20042142004244.MON.chlor_a.csv,30--,190.036148071,31.6726913452,31.6726913452,0.0,0.0,31.6726913452,31.6726913452,985680,407963,6
S20042142004244.MON.chlor_a.csv,35--,679.269939423,37.7372188568,37.7372188568,0.0,0.0,37.7372188568,37.7372188568,985680,407963,18
S20042142004244.MON.chlor_a.csv,40--,0,0,0,0,0,0,0,985680,407963,0
S20042142004244.MON.chlor_a.csv,45--,0,0,0,0,0,0,0,985680,407963,0
S20042142004244.MON.chlor_a.csv,50--,0,0,0,0,0,0,0,985680,407963,0
S20042142004244.MON.chlor_a.csv,55--,389.591159821,55.6558799744,55.6558799744,0.0,0.0,55.6558799744,55.6558799744,985680,407963,7
S20042142004244.MON.chlor_a.csv,60--,0,0,0,0,0,0,0,985680,407963,0
S20042142004244.MON.chlor_a.csv,65--,0,0,0,0,0,0,0,985680,407963,0
S20042452004274.MON.chlor_a.csv,0--,239644.029568,0.431580308656,0.356042578816,0.310336358169,0.0963086552017,4.99171066284,0.0923046171665,985680,429361,555271
S20042452004274.MON.chlor_a.csv,5--,4960.6044863,6.31120163651,5.95937681198,1.34713510627,1.81477299456,9.89283752441,5.00021791458,985680,429361,786
S20042452004274.MON.chlor_a.csv,10--,1408.90734041,11.7408945034,11.5659646988,1.32876557931,1.76561796475,14.3920221329,10.0281748772,985680,429361,120
S20042452004274.MON.chlor_a.csv,15--,394.047403336,15.7618961334,15.7618961334,0.0,0.0,15.7618961334,15.7618961334,985680,429361,25
S20042452004274.MON.chlor_a.csv,20--,0,0,0,0,0,0,0,985680,429361,0
S20042452004274.MON.chlor_a.csv,25--,496.85950458,27.60330581,27.4430974722,0.382650987818,0.146421778478,28.6758329868,27.4430974722,985680,429361,18
S20042452004274.MON.chlor_a.csv,30--,0,0,0,0,0,0,0,985680,429361,0
S20042452004274.MON.chlor_a.csv,35--,0,0,0,0,0,0,0,985680,429361,0
S20042452004274.MON.chlor_a.csv,40--,1294.76342392,44.6470146179,44.6470146179,0.0,0.0,44.6470146179,44.6470146179,985680,429361,29
S20042452004274.MON.chlor_a.csv,45--,1415.20523071,47.1735076904,47.1735076904,0.0,0.0,47.1735076904,47.1735076904,985680,429361,30
S20042452004274.MON.chlor_a.csv,50--,580.478565216,52.770778656,52.770778656,0.0,0.0,52.770778656,52.770778656,985680,429361,11
S20042452004274.MON.chlor_a.csv,55--,0,0,0,0,0,0,0,985680,429361,0
S20042452004274.MON.chlor_a.csv,60--,0,0,0,0,0,0,0,985680,429361,0
S20042452004274.MON.chlor_a.csv,65--,0,0,0,0,0,0,0,985680,429361,0
S20042752004305.MON.chlor_a.csv,0--,354939.365362,0.656674928052,0.580782219768,0.360313513818,0.12982582824,4.97695398331,0.149812266231,985680,444337,540510
S20042752004305.MON.chlor_a.csv,5--,4567.9820275,6.4610778324,6.38465007146,1.28484008382,1.65081404099,9.8190984726,5.00145053864,985680,444337,707
S20042752004305.MON.chlor_a.csv,10--,694.396487912,11.0221664748,10.5680407286,1.33510345977,1.7825012483,14.1141116619,10.1233363152,985680,444337,63
S20042752004305.MON.chlor_a.csv,15--,1153.92118454,18.3162092784,17.7762928009,0.959041482225,0.919760564629,19.1995410919,15.3564720154,985680,444337,63
S20042752004305.MON.chlor_a.csv,20--,0,0,0,0,0,0,0,985680,444337,0
S20042752004305.MON.chlor_a.csv,25--,0,0,0,0,0,0,0,985680,444337,0
S20042752004305.MON.chlor_a.csv,30--,0,0,0,0,0,0,0,985680,444337,0
S20042752004305.MON.chlor_a.csv,35--,0,0,0,0,0,0,0,985680,444337,0
S20042752004305.MON.chlor_a.csv,40--,0,0,0,0,0,0,0,985680,444337,0
S20042752004305.MON.chlor_a.csv,45--,0,0,0,0,0,0,0,985680,444337,0
S20042752004305.MON.chlor_a.csv,50--,0,0,0,0,0,0,0,985680,444337,0
S20042752004305.MON.chlor_a.csv,55--,0,0,0,0,0,0,0,985680,444337,0
S20042752004305.MON.chlor_a.csv,60--,0,0,0,0,0,0,0,985680,444337,0
S20042752004305.MON.chlor_a.csv,65--,0,0,0,0,0,0,0,985680,444337,0
S20043062004335.MON.chlor_a.csv,0--,412745.803098,0.734483255032,0.680386483669,0.347692459459,0.120890046365,4.98039054871,0.100663602352,985680,423075,561954
S20043062004335.MON.chlor_a.csv,5--,2533.56853558,6.3657500894,6.25860938728,1.1352174398,1.28871863563,8.86294586658,5.04231214523,985680,423075,398
S20043062004335.MON.chlor_a.csv,10--,1337.99007585,11.4358126141,11.4266614616,1.244659119,1.54917632251,14.654367288,10.0220384598,985680,423075,117
S20043062004335.MON.chlor_a.csv,15--,1036.22542299,15.9419295844,15.8301910758,0.208796415602,0.0435959431683,16.1675033569,15.5838152568,985680,423075,65
S20043062004335.MON.chlor_a.csv,20--,1543.57859135,21.7405435401,22.2937030792,0.733935549477,0.538661390785,22.8842592239,20.5778977871,985680,423075,71
S20043062004335.MON.chlor_a.csv,25--,0,0,0,0,0,0,0,985680,423075,0
S20043062004335.MON.chlor_a.csv,30--,0,0,0,0,0,0,0,985680,423075,0
S20043062004335.MON.chlor_a.csv,35--,0,0,0,0,0,0,0,985680,423075,0
S20043062004335.MON.chlor_a.csv,40--,0,0,0,0,0,0,0,985680,423075,0
S20043062004335.MON.chlor_a.csv,45--,0,0,0,0,0,0,0,985680,423075,0
S20043062004335.MON.chlor_a.csv,50--,0,0,0,0,0,0,0,985680,423075,0
S20043062004335.MON.chlor_a.csv,55--,0,0,0,0,0,0,0,985680,423075,0
S20043062004335.MON.chlor_a.csv,60--,0,0,0,0,0,0,0,985680,423075,0
S20043062004335.MON.chlor_a.csv,65--,0,0,0,0,0,0,0,985680,423075,0
S20043362004366.MON.chlor_a.csv,0--,350832.220511,0.687185443723,0.588102221489,0.415271166726,0.172450141914,4.9923598369,0.115128263831,985680,474126,510535
S20043362004366.MON.chlor_a.csv,5--,4975.21743159,6.51206470104,6.09457540512,1.2992120129,1.68795185447,9.9819466273,5.00003319979,985680,474126,764
S20043362004366.MON.chlor_a.csv,10--,2553.87986485,12.278268581,12.4012369514,1.28431634674,1.64946847851,14.7982910872,10.0545414289,985680,474126,208
S20043362004366.MON.chlor_a.csv,15--,193.947800696,16.1623167247,16.1642456055,0.419184033997,0.175715254358,17.1057605743,15.3090563416,985680,474126,12
S20043362004366.MON.chlor_a.csv,20--,452.053991318,21.5263805389,22.5631389618,1.29073025792,1.66598459872,22.8261051178,20.175573349,985680,474126,21
S20043362004366.MON.chlor_a.csv,25--,411.459911346,29.3899936676,29.3899936676,0.0,0.0,29.3899936676,29.3899936676,985680,474126,14
S20043362004366.MON.chlor_a.csv,30--,0,0,0,0,0,0,0,985680,474126,0
S20043362004366.MON.chlor_a.csv,35--,0,0,0,0,0,0,0,985680,474126,0
S20043362004366.MON.chlor_a.csv,40--,0,0,0,0,0,0,0,985680,474126,0
S20043362004366.MON.chlor_a.csv,45--,0,0,0,0,0,0,0,985680,474126,0
S20043362004366.MON.chlor_a.csv,50--,0,0,0,0,0,0,0,985680,474126,0
S20043362004366.MON.chlor_a.csv,55--,0,0,0,0,0,0,0,985680,474126,0
S20043362004366.MON.chlor_a.csv,60--,0,0,0,0,0,0,0,985680,474126,0
S20043362004366.MON.chlor_a.csv,65--,0,0,0,0,0,0,0,985680,474126,0
S20050012005031.MON.chlor_a.csv,0--,174553.404174,0.476500049612,0.42072660327,0.281121327654,0.079029200862,4.94905722141,0.0821191519499,985680,619145,366324
S20050012005031.MON.chlor_a.csv,5--,1325.87511838,6.56373820983,6.59360273182,0.916081698667,0.839205678633,9.2752097249,5.01175165176,985680,619145,202
S20050012005031.MON.chlor_a.csv,10--,99.5304908752,11.0589434306,10.959813118,0.140191432524,0.019653637753,11.2572040558,10.959813118,985680,619145,9
S20050012005031.MON.chlor_a.csv,15--,0,0,0,0,0,0,0,985680,619145,0
S20050012005031.MON.chlor_a.csv,20--,0,0,0,0,0,0,0,985680,619145,0
S20050012005031.MON.chlor_a.csv,25--,0,0,0,0,0,0,0,985680,619145,0
S20050012005031.MON.chlor_a.csv,30--,0,0,0,0,0,0,0,985680,619145,0
S20050012005031.MON.chlor_a.csv,35--,0,0,0,0,0,0,0,985680,619145,0
S20050012005031.MON.chlor_a.csv,40--,0,0,0,0,0,0,0,985680,619145,0
S20050012005031.MON.chlor_a.csv,45--,0,0,0,0,0,0,0,985680,619145,0
S20050012005031.MON.chlor_a.csv,50--,0,0,0,0,0,0,0,985680,619145,0
S20050012005031.MON.chlor_a.csv,55--,0,0,0,0,0,0,0,985680,619145,0
S20050012005031.MON.chlor_a.csv,60--,0,0,0,0,0,0,0,985680,619145,0
S20050012005031.MON.chlor_a.csv,65--,0,0,0,0,0,0,0,985680,619145,0
S20050322005059.MON.chlor_a.csv,0--,159372.963705,0.458714356411,0.388931040963,0.344568900716,0.118727727341,4.97740232944,0.103041358292,985680,637942,347434
S20050322005059.MON.chlor_a.csv,5--,1584.05341617,5.73932397162,5.58485651016,0.798219652351,0.637154613399,9.66433620453,5.00836833318,985680,637942,276
S20050322005059.MON.chlor_a.csv,10--,10.8463840485,10.8463840485,10.8463840485,0.0,0.0,10.8463840485,10.8463840485,985680,637942,1
S20050322005059.MON.chlor_a.csv,15--,447.785654068,16.5846538544,16.5846538544,0.0,0.0,16.5846538544,16.5846538544,985680,637942,27
S20050322005059.MON.chlor_a.csv,20--,0,0,0,0,0,0,0,985680,637942,0
S20050322005059.MON.chlor_a.csv,25--,0,0,0,0,0,0,0,985680,637942,0
S20050322005059.MON.chlor_a.csv,30--,0,0,0,0,0,0,0,985680,637942,0
S20050322005059.MON.chlor_a.csv,35--,0,0,0,0,0,0,0,985680,637942,0
S20050322005059.MON.chlor_a.csv,40--,0,0,0,0,0,0,0,985680,637942,0
S20050322005059.MON.chlor_a.csv,45--,0,0,0,0,0,0,0,985680,637942,0
S20050322005059.MON.chlor_a.csv,50--,0,0,0,0,0,0,0,985680,637942,0
S20050322005059.MON.chlor_a.csv,55--,0,0,0,0,0,0,0,985680,637942,0
S20050322005059.MON.chlor_a.csv,60--,0,0,0,0,0,0,0,985680,637942,0
S20050322005059.MON.chlor_a.csv,65--,0,0,0,0,0,0,0,985680,637942,0
S20050602005090.MON.chlor_a.csv,0--,381724.090068,0.666920739923,0.573507487774,0.403540243149,0.162844727841,4.98597455025,0.179998546839,985680,412808,572368
S20050602005090.MON.chlor_a.csv,5--,2611.38552814,6.43198405946,5.6583147049,1.59611625215,2.54758709038,9.96077309336,5.00577222308,985680,412808,406
S20050602005090.MON.chlor_a.csv,10--,441.436708509,12.2621307919,12.2365442912,1.0929135604,1.19446005052,13.6338733435,10.0231312769,985680,412808,36
S20050602005090.MON.chlor_a.csv,15--,433.517303988,17.3406921595,16.8685627431,1.60255424515,2.56818010865,19.5037276347,15.3853571713,985680,412808,25
S20050602005090.MON.chlor_a.csv,20--,0,0,0,0,0,0,0,985680,412808,0
S20050602005090.MON.chlor_a.csv,25--,256.968356669,28.5520396299,28.6556358337,0.160722465788,0.025831711009,28.6556358337,28.2554003894,985680,412808,9
S20050602005090.MON.chlor_a.csv,30--,626.35827597,32.966225051,33.1163825989,0.637064521917,0.405851205085,33.1163825989,30.26338919,985680,412808,19
S20050602005090.MON.chlor_a.csv,35--,0,0,0,0,0,0,0,985680,412808,0
S20050602005090.MON.chlor_a.csv,40--,356.383392334,44.5479240417,44.5479240417,0.0,0.0,44.5479240417,44.5479240417,985680,412808,8
S20050602005090.MON.chlor_a.csv,45--,0,0,0,0,0,0,0,985680,412808,0
S20050602005090.MON.chlor_a.csv,50--,0,0,0,0,0,0,0,985680,412808,0
S20050602005090.MON.chlor_a.csv,55--,55.9794654846,55.9794654846,55.9794654846,0.0,0.0,55.9794654846,55.9794654846,985680,412808,1
S20050602005090.MON.chlor_a.csv,60--,0,0,0,0,0,0,0,985680,412808,0
S20050602005090.MON.chlor_a.csv,65--,0,0,0,0,0,0,0,985680,412808,0
S20050912005120.MON.chlor_a.csv,0--,561124.365432,0.982589372931,0.884961552918,0.539355665651,0.290904534069,4.99687488377,0.23484633863,985680,411813,571067
S20050912005120.MON.chlor_a.csv,5--,14969.7565949,6.39186874246,5.96678806469,1.27785385546,1.63291047591,9.66584083438,5.00466126204,985680,411813,2342
S20050912005120.MON.chlor_a.csv,10--,4133.27075178,11.9804949327,11.2872648239,1.44046970108,2.07495295972,14.8730549812,10.0292278975,985680,411813,345
S20050912005120.MON.chlor_a.csv,15--,939.423998257,17.3967407085,17.1410117547,1.13249148865,1.28253697187,19.957477202,15.4438061714,985680,411813,54
S20050912005120.MON.chlor_a.csv,20--,1225.7134258,20.7748038271,21.1285962909,0.630489720546,0.397517287714,21.4072942585,20.0018503269,985680,411813,59
S20050912005120.MON.chlor_a.csv,25--,0,0,0,0,0,0,0,985680,411813,0
S20050912005120.MON.chlor_a.csv,30--,0,0,0,0,0,0,0,985680,411813,0
S20050912005120.MON.chlor_a.csv,35--,0,0,0,0,0,0,0,985680,411813,0
S20050912005120.MON.chlor_a.csv,40--,0,0,0,0,0,0,0,985680,411813,0
S20050912005120.MON.chlor_a.csv,45--,0,0,0,0,0,0,0,985680,411813,0
S20050912005120.MON.chlor_a.csv,50--,0,0,0,0,0,0,0,985680,411813,0
S20050912005120.MON.chlor_a.csv,55--,0,0,0,0,0,0,0,985680,411813,0
S20050912005120.MON.chlor_a.csv,60--,0,0,0,0,0,0,0,985680,411813,0
S20050912005120.MON.chlor_a.csv,65--,0,0,0,0,0,0,0,985680,411813,0
S20051212005151.MON.chlor_a.csv,0--,451173.901058,0.789303722919,0.588151594003,0.636312979221,0.404894207526,4.99645570517,0.136225894094,985680,412361,571610
S20051212005151.MON.chlor_a.csv,5--,10760.1046478,6.29614081208,5.9796372056,1.1544589674,1.33277550741,9.6910648644,5.00149472952,985680,412361,1709
S20051212005151.MON.chlor_a.csv,10--,0,0,0,0,0,0,0,985680,412361,0
S20051212005151.MON.chlor_a.csv,15--,0,0,0,0,0,0,0,985680,412361,0
S20051212005151.MON.chlor_a.csv,20--,0,0,0,0,0,0,0,985680,412361,0
S20051212005151.MON.chlor_a.csv,25--,0,0,0,0,0,0,0,985680,412361,0
S20051212005151.MON.chlor_a.csv,30--,0,0,0,0,0,0,0,985680,412361,0
S20051212005151.MON.chlor_a.csv,35--,0,0,0,0,0,0,0,985680,412361,0
S20051212005151.MON.chlor_a.csv,40--,0,0,0,0,0,0,0,985680,412361,0
S20051212005151.MON.chlor_a.csv,45--,0,0,0,0,0,0,0,985680,412361,0
S20051212005151.MON.chlor_a.csv,50--,0,0,0,0,0,0,0,985680,412361,0
S20051212005151.MON.chlor_a.csv,55--,0,0,0,0,0,0,0,985680,412361,0
S20051212005151.MON.chlor_a.csv,60--,0,0,0,0,0,0,0,985680,412361,0
S20051212005151.MON.chlor_a.csv,65--,0,0,0,0,0,0,0,985680,412361,0
S20051522005181.MON.chlor_a.csv,0--,164615.123842,0.394064968884,0.323399499059,0.237963325026,0.0566265440575,4.56842374802,0.0992284342647,985680,567869,417736
S20051522005181.MON.chlor_a.csv,5--,494.164557695,6.58886076927,6.00738620758,1.13964628066,1.29879364502,8.04919528961,5.12136673927,985680,567869,75
S20051522005181.MON.chlor_a.csv,10--,0,0,0,0,0,0,0,985680,567869,0
S20051522005181.MON.chlor_a.csv,15--,0,0,0,0,0,0,0,985680,567869,0
S20051522005181.MON.chlor_a.csv,20--,0,0,0,0,0,0,0,985680,567869,0
S20051522005181.MON.chlor_a.csv,25--,0,0,0,0,0,0,0,985680,567869,0
S20051522005181.MON.chlor_a.csv,30--,0,0,0,0,0,0,0,985680,567869,0
S20051522005181.MON.chlor_a.csv,35--,0,0,0,0,0,0,0,985680,567869,0
S20051522005181.MON.chlor_a.csv,40--,0,0,0,0,0,0,0,985680,567869,0
S20051522005181.MON.chlor_a.csv,45--,0,0,0,0,0,0,0,985680,567869,0
S20051522005181.MON.chlor_a.csv,50--,0,0,0,0,0,0,0,985680,567869,0
S20051522005181.MON.chlor_a.csv,55--,0,0,0,0,0,0,0,985680,567869,0
S20051522005181.MON.chlor_a.csv,60--,0,0,0,0,0,0,0,985680,567869,0
S20051522005181.MON.chlor_a.csv,65--,0,0,0,0,0,0,0,985680,567869,0
S20051822005212.MON.chlor_a.csv,0--,131853.082278,0.317593528995,0.272427350283,0.214371815913,0.045955275458,4.70279693604,0.0985647216439,985680,570298,415163
S20051822005212.MON.chlor_a.csv,5--,1326.3405022,7.13086291507,6.18944883347,1.3068234987,1.70778765675,9.58063936234,5.53333556652,985680,570298,186
S20051822005212.MON.chlor_a.csv,10--,357.181035042,10.8236677285,10.9049196243,0.192277079206,0.0369704751881,10.9049196243,10.3686571121,985680,570298,33
S20051822005212.MON.chlor_a.csv,15--,0,0,0,0,0,0,0,985680,570298,0
S20051822005212.MON.chlor_a.csv,20--,0,0,0,0,0,0,0,985680,570298,0
S20051822005212.MON.chlor_a.csv,25--,0,0,0,0,0,0,0,985680,570298,0
S20051822005212.MON.chlor_a.csv,30--,0,0,0,0,0,0,0,985680,570298,0
S20051822005212.MON.chlor_a.csv,35--,0,0,0,0,0,0,0,985680,570298,0
S20051822005212.MON.chlor_a.csv,40--,0,0,0,0,0,0,0,985680,570298,0
S20051822005212.MON.chlor_a.csv,45--,0,0,0,0,0,0,0,985680,570298,0
S20051822005212.MON.chlor_a.csv,50--,0,0,0,0,0,0,0,985680,570298,0
S20051822005212.MON.chlor_a.csv,55--,0,0,0,0,0,0,0,985680,570298,0
S20051822005212.MON.chlor_a.csv,60--,0,0,0,0,0,0,0,985680,570298,0
S20051822005212.MON.chlor_a.csv,65--,0,0,0,0,0,0,0,985680,570298,0
S20052132005243.MON.chlor_a.csv,0--,210327.929854,0.368404335934,0.294052544609,0.291747251398,0.0851164586985,4.99864321947,0.114053018391,985680,414279,570916
S20052132005243.MON.chlor_a.csv,5--,3065.82944006,6.84336928584,6.39997955163,1.56433787086,2.44715297421,9.9620950222,5.01145950953,985680,414279,448
S20052132005243.MON.chlor_a.csv,10--,114.140726884,11.4140726884,11.0880877972,0.780237337784,0.608770303272,13.2755870819,10.6781535943,985680,414279,10
S20052132005243.MON.chlor_a.csv,15--,447.337617874,16.5680599213,16.5680599213,0.0,0.0,16.5680599213,16.5680599213,985680,414279,27
S20052132005243.MON.chlor_a.csv,20--,0,0,0,0,0,0,0,985680,414279,0
S20052132005243.MON.chlor_a.csv,25--,0,0,0,0,0,0,0,985680,414279,0
S20052132005243.MON.chlor_a.csv,30--,0,0,0,0,0,0,0,985680,414279,0
S20052132005243.MON.chlor_a.csv,35--,0,0,0,0,0,0,0,985680,414279,0
S20052132005243.MON.chlor_a.csv,40--,0,0,0,0,0,0,0,985680,414279,0
S20052132005243.MON.chlor_a.csv,45--,0,0,0,0,0,0,0,985680,414279,0
S20052132005243.MON.chlor_a.csv,50--,0,0,0,0,0,0,0,985680,414279,0
S20052132005243.MON.chlor_a.csv,55--,0,0,0,0,0,0,0,985680,414279,0
S20052132005243.MON.chlor_a.csv,60--,0,0,0,0,0,0,0,985680,414279,0
S20052132005243.MON.chlor_a.csv,65--,0,0,0,0,0,0,0,985680,414279,0
S20052442005273.MON.chlor_a.csv,0--,243632.259429,0.433114007016,0.350097109874,0.322819542379,0.104212456942,4.91601258516,0.095001667738,985680,422359,562513
S20052442005273.MON.chlor_a.csv,5--,3813.82284793,6.35637141322,5.62670993805,1.50299159702,2.2589837407,9.90406513214,5.02289542556,985680,422359,600
S20052442005273.MON.chlor_a.csv,10--,1394.29735989,12.0198048267,11.9661152363,1.13047575021,1.27797542181,13.4551744461,10.57188797,985680,422359,116
S20052442005273.MON.chlor_a.csv,15--,438.454071045,16.8636181171,17.0131835938,0.518110009189,0.268437981622,17.0131835938,15.0688323975,985680,422359,26
S20052442005273.MON.chlor_a.csv,20--,563.358154297,20.119934082,20.119934082,0.0,0.0,20.119934082,20.119934082,985680,422359,28
S20052442005273.MON.chlor_a.csv,25--,0,0,0,0,0,0,0,985680,422359,0
S20052442005273.MON.chlor_a.csv,30--,0,0,0,0,0,0,0,985680,422359,0
S20052442005273.MON.chlor_a.csv,35--,0,0,0,0,0,0,0,985680,422359,0
S20052442005273.MON.chlor_a.csv,40--,0,0,0,0,0,0,0,985680,422359,0
S20052442005273.MON.chlor_a.csv,45--,0,0,0,0,0,0,0,985680,422359,0
S20052442005273.MON.chlor_a.csv,50--,0,0,0,0,0,0,0,985680,422359,0
S20052442005273.MON.chlor_a.csv,55--,0,0,0,0,0,0,0,985680,422359,0
S20052442005273.MON.chlor_a.csv,60--,0,0,0,0,0,0,0,985680,422359,0
S20052442005273.MON.chlor_a.csv,65--,2474.76971436,65.1255187988,65.1255187988,0.0,0.0,65.1255187988,65.1255187988,985680,422359,38
S20052742005304.MON.chlor_a.csv,0--,332539.445065,0.572224087458,0.450654834509,0.385963276101,0.148967650499,4.97299456596,0.126007303596,985680,404006,581135
S20052742005304.MON.chlor_a.csv,5--,2760.75387467,6.42035784807,6.00116932392,1.17200082848,1.37358594196,9.96530935764,5.00191958745,985680,404006,430
S20052742005304.MON.chlor_a.csv,10--,548.44241631,12.7544747979,13.3769686768,1.43773228153,2.06707411334,14.6924394766,10.3012273908,985680,404006,43
S20052742005304.MON.chlor_a.csv,15--,0,0,0,0,0,0,0,985680,404006,0
S20052742005304.MON.chlor_a.csv,20--,21.0260281563,21.0260281563,21.0260281563,0.0,0.0,21.0260281563,21.0260281563,985680,404006,1
S20052742005304.MON.chlor_a.csv,25--,614.666794578,25.6111164408,25.4640207291,0.487861283962,0.238008632389,27.2291692694,25.4640207291,985680,404006,24
S20052742005304.MON.chlor_a.csv,30--,0,0,0,0,0,0,0,985680,404006,0
S20052742005304.MON.chlor_a.csv,35--,159.170497775,39.7926244438,39.7926244438,0.0,0.0,39.7926244438,39.7926244438,985680,404006,4
S20052742005304.MON.chlor_a.csv,40--,573.73815906,40.9812970757,40.9812970757,0.510600507259,0.260712878014,41.491897583,40.4706965685,985680,404006,14
S20052742005304.MON.chlor_a.csv,45--,0,0,0,0,0,0,0,985680,404006,0
S20052742005304.MON.chlor_a.csv,50--,0,0,0,0,0,0,0,985680,404006,0
S20052742005304.MON.chlor_a.csv,55--,0,0,0,0,0,0,0,985680,404006,0
S20052742005304.MON.chlor_a.csv,60--,0,0,0,0,0,0,0,985680,404006,0
S20052742005304.MON.chlor_a.csv,65--,0,0,0,0,0,0,0,985680,404006,0
S20053052005334.MON.chlor_a.csv,0--,486171.072435,0.967121622352,0.836145937443,0.490372825195,0.24046550769,4.99917243208,0.127265363932,985680,477776,502699
S20053052005334.MON.chlor_a.csv,5--,24121.8704183,6.96962450688,6.78040707111,1.44471123304,2.08719054687,9.98721067111,5.00197774985,985680,477776,3461
S20053052005334.MON.chlor_a.csv,10--,13490.2951963,11.9067036154,11.6883653402,1.3079414302,1.71071078483,14.9942492485,10.0053992967,985680,477776,1133
S20053052005334.MON.chlor_a.csv,15--,7574.48974281,17.1368546217,17.2209713936,1.3629163817,1.85754106352,19.9075123072,15.0174210548,985680,477776,442
S20053052005334.MON.chlor_a.csv,20--,2194.10960404,21.7238574658,21.3819510142,1.16241334916,1.35120479431,24.434876442,20.0236797333,985680,477776,101
S20053052005334.MON.chlor_a.csv,25--,967.938394582,27.6553827024,27.3887655735,1.33351435643,1.77826053882,29.1134370168,25.2426582972,985680,477776,35
S20053052005334.MON.chlor_a.csv,30--,578.817346096,32.1565192276,32.5120520592,1.32766430675,1.7626925114,34.4952971141,30.151147604,985680,477776,18
S20053052005334.MON.chlor_a.csv,35--,176.25644811,35.251289622,35.0432809194,0.416017405192,0.173070481423,36.0833244324,35.0432809194,985680,477776,5
S20053052005334.MON.chlor_a.csv,40--,127.018029213,42.339343071,41.8709549904,0.662400776034,0.438774788091,43.2761192322,41.8709549904,985680,477776,3
S20053052005334.MON.chlor_a.csv,45--,185.920249939,46.4800624847,46.2745685577,0.447098906578,0.199897432263,47.2308177948,46.1402950287,985680,477776,4
S20053052005334.MON.chlor_a.csv,50--,0,0,0,0,0,0,0,985680,477776,0
S20053052005334.MON.chlor_a.csv,55--,0,0,0,0,0,0,0,985680,477776,0
S20053052005334.MON.chlor_a.csv,60--,0,0,0,0,0,0,0,985680,477776,0
S20053052005334.MON.chlor_a.csv,65--,0,0,0,0,0,0,0,985680,477776,0
S20053352005365.MON.chlor_a.csv,0--,181868.477639,0.622687977674,0.502722763353,0.432502895022,0.187058754203,4.99668143193,0.1033680439,985680,693015,292070
S20053352005365.MON.chlor_a.csv,5--,2929.32814111,6.38197852094,5.88935942,1.34110621547,1.79856588117,9.9275970459,5.00157380104,985680,693015,459
S20053352005365.MON.chlor_a.csv,10--,891.493239462,13.5074733252,13.0426826477,1.04424899874,1.09045597136,14.4912424088,10.018693924,985680,693015,66
S20053352005365.MON.chlor_a.csv,15--,710.459236234,19.2016009793,19.7399597168,1.35416380033,1.83375959811,19.7399597168,15.1956672668,985680,693015,37
S20053352005365.MON.chlor_a.csv,20--,0,0,0,0,0,0,0,985680,693015,0
S20053352005365.MON.chlor_a.csv,25--,0,0,0,0,0,0,0,985680,693015,0
S20053352005365.MON.chlor_a.csv,30--,0,0,0,0,0,0,0,985680,693015,0
S20053352005365.MON.chlor_a.csv,35--,1185.02596664,35.9098777771,35.9098777771,0.0,0.0,35.9098777771,35.9098777771,985680,693015,33
S20053352005365.MON.chlor_a.csv,40--,0,0,0,0,0,0,0,985680,693015,0
S20053352005365.MON.chlor_a.csv,45--,0,0,0,0,0,0,0,985680,693015,0
S20053352005365.MON.chlor_a.csv,50--,0,0,0,0,0,0,0,985680,693015,0
S20053352005365.MON.chlor_a.csv,55--,0,0,0,0,0,0,0,985680,693015,0
S20053352005365.MON.chlor_a.csv,60--,0,0,0,0,0,0,0,985680,693015,0
S20053352005365.MON.chlor_a.csv,65--,0,0,0,0,0,0,0,985680,693015,0
S20060012006031.MON.chlor_a.csv,0--,230363.10199,0.520318253561,0.44719325006,0.293447775347,0.086111596856,4.77439260483,0.0802890434861,985680,542624,442735
S20060012006031.MON.chlor_a.csv,5--,1630.97138774,6.91089571078,6.50556087494,1.46471110775,2.14537862916,9.42838764191,5.18108892441,985680,542624,236
S20060012006031.MON.chlor_a.csv,10--,585.848138765,11.7169627753,11.7125284523,0.151650801603,0.0229979656267,11.96878618,11.4906724095,985680,542624,50
S20060012006031.MON.chlor_a.csv,15--,0,0,0,0,0,0,0,985680,542624,0
S20060012006031.MON.chlor_a.csv,20--,702.335634232,20.0667324066,20.0667324066,0.0,0.0,20.0667324066,20.0667324066,985680,542624,35
S20060012006031.MON.chlor_a.csv,25--,0,0,0,0,0,0,0,985680,542624,0
S20060012006031.MON.chlor_a.csv,30--,0,0,0,0,0,0,0,985680,542624,0
S20060012006031.MON.chlor_a.csv,35--,0,0,0,0,0,0,0,985680,542624,0
S20060012006031.MON.chlor_a.csv,40--,0,0,0,0,0,0,0,985680,542624,0
S20060012006031.MON.chlor_a.csv,45--,0,0,0,0,0,0,0,985680,542624,0
S20060012006031.MON.chlor_a.csv,50--,0,0,0,0,0,0,0,985680,542624,0
S20060012006031.MON.chlor_a.csv,55--,0,0,0,0,0,0,0,985680,542624,0
S20060012006031.MON.chlor_a.csv,60--,0,0,0,0,0,0,0,985680,542624,0
S20060012006031.MON.chlor_a.csv,65--,0,0,0,0,0,0,0,985680,542624,0
S20060322006059.MON.chlor_a.csv,0--,253835.655813,0.520894745639,0.455140307546,0.281449039718,0.0792135619581,4.97026669979,0.187088560313,985680,498190,487307
S20060322006059.MON.chlor_a.csv,5--,1182.04282634,7.82809818767,7.98496965567,1.17526144197,1.38123945697,9.6813325882,5.15385758877,985680,498190,151
S20060322006059.MON.chlor_a.csv,10--,11.9216911197,11.9216911197,11.9216911197,0.0,0.0,11.9216911197,11.9216911197,985680,498190,1
S20060322006059.MON.chlor_a.csv,15--,0,0,0,0,0,0,0,985680,498190,0
S20060322006059.MON.chlor_a.csv,20--,0,0,0,0,0,0,0,985680,498190,0
S20060322006059.MON.chlor_a.csv,25--,0,0,0,0,0,0,0,985680,498190,0
S20060322006059.MON.chlor_a.csv,30--,671.239015132,30.5108643242,30.5085631311,0.0132356757987,0.000175183113849,30.5413022786,30.4926993996,985680,498190,22
S20060322006059.MON.chlor_a.csv,35--,0,0,0,0,0,0,0,985680,498190,0
S20060322006059.MON.chlor_a.csv,40--,0,0,0,0,0,0,0,985680,498190,0
S20060322006059.MON.chlor_a.csv,45--,0,0,0,0,0,0,0,985680,498190,0
S20060322006059.MON.chlor_a.csv,50--,0,0,0,0,0,0,0,985680,498190,0
S20060322006059.MON.chlor_a.csv,55--,0,0,0,0,0,0,0,985680,498190,0
S20060322006059.MON.chlor_a.csv,60--,546.266876221,60.6963195801,60.6963195801,0.0,0.0,60.6963195801,60.6963195801,985680,498190,9
S20060322006059.MON.chlor_a.csv,65--,0,0,0,0,0,0,0,985680,498190,0
S20060602006090.MON.chlor_a.csv,0--,378454.666339,0.677692500867,0.589058173554,0.517434909327,0.26773888539,4.99924522638,0.231067433953,985680,423010,558446
S20060602006090.MON.chlor_a.csv,5--,24612.4471807,6.57383738801,6.23205241958,1.27227473795,1.61868300883,9.99925327301,5.00063700676,985680,423010,3744
S20060602006090.MON.chlor_a.csv,10--,4963.49297421,11.4366197562,11.2768909136,1.07681232673,1.159524787,14.9224092007,10.0049280524,985680,423010,434
S20060602006090.MON.chlor_a.csv,15--,734.228112411,15.9614807046,16.3673019409,0.991782003025,0.983631541525,18.1905860901,15.0345573425,985680,423010,46
S20060602006090.MON.chlor_a.csv,20--,0,0,0,0,0,0,0,985680,423010,0
S20060602006090.MON.chlor_a.csv,25--,0,0,0,0,0,0,0,985680,423010,0
S20060602006090.MON.chlor_a.csv,30--,0,0,0,0,0,0,0,985680,423010,0
S20060602006090.MON.chlor_a.csv,35--,0,0,0,0,0,0,0,985680,423010,0
S20060602006090.MON.chlor_a.csv,40--,0,0,0,0,0,0,0,985680,423010,0
S20060602006090.MON.chlor_a.csv,45--,0,0,0,0,0,0,0,985680,423010,0
S20060602006090.MON.chlor_a.csv,50--,0,0,0,0,0,0,0,985680,423010,0
S20060602006090.MON.chlor_a.csv,55--,0,0,0,0,0,0,0,985680,423010,0
S20060602006090.MON.chlor_a.csv,60--,0,0,0,0,0,0,0,985680,423010,0
S20060602006090.MON.chlor_a.csv,65--,0,0,0,0,0,0,0,985680,423010,0
S20060912006120.MON.chlor_a.csv,0--,514376.270703,1.06745637464,0.922487765551,0.715631255614,0.512128094012,4.99720621109,0.217262640595,985680,502656,481871
S20060912006120.MON.chlor_a.csv,5--,5830.26906225,6.29618689228,5.91313171387,1.27202121755,1.61803797789,9.8562040329,5.01226204634,985680,502656,926
S20060912006120.MON.chlor_a.csv,10--,2287.62358592,11.9147061767,12.2492850274,1.14090579465,1.30166603226,13.7368297577,10.0694389343,985680,502656,192
S20060912006120.MON.chlor_a.csv,15--,682.404518127,19.4972719465,19.5950317383,0.397102151437,0.157690118676,19.5950317383,17.8842353821,985680,502656,35
S20060912006120.MON.chlor_a.csv,20--,0,0,0,0,0,0,0,985680,502656,0
S20060912006120.MON.chlor_a.csv,25--,0,0,0,0,0,0,0,985680,502656,0
S20060912006120.MON.chlor_a.csv,30--,0,0,0,0,0,0,0,985680,502656,0
S20060912006120.MON.chlor_a.csv,35--,0,0,0,0,0,0,0,985680,502656,0
S20060912006120.MON.chlor_a.csv,40--,0,0,0,0,0,0,0,985680,502656,0
S20060912006120.MON.chlor_a.csv,45--,0,0,0,0,0,0,0,985680,502656,0
S20060912006120.MON.chlor_a.csv,50--,0,0,0,0,0,0,0,985680,502656,0
S20060912006120.MON.chlor_a.csv,55--,0,0,0,0,0,0,0,985680,502656,0
S20060912006120.MON.chlor_a.csv,60--,0,0,0,0,0,0,0,985680,502656,0
S20060912006120.MON.chlor_a.csv,65--,0,0,0,0,0,0,0,985680,502656,0
S20061212006151.MON.chlor_a.csv,0--,459746.209256,0.874451186783,0.785189151764,0.427956088725,0.183146413877,4.98667252064,0.14462262392,985680,459694,525754
S20061212006151.MON.chlor_a.csv,5--,845.367953807,5.59846327025,5.48568123579,0.528633908664,0.279453809389,6.3299574852,5.06022417545,985680,459694,151
S20061212006151.MON.chlor_a.csv,10--,288.267501831,11.0872116089,11.0872116089,0.0,0.0,11.0872116089,11.0872116089,985680,459694,26
S20061212006151.MON.chlor_a.csv,15--,0,0,0,0,0,0,0,985680,459694,0
S20061212006151.MON.chlor_a.csv,20--,0,0,0,0,0,0,0,985680,459694,0
S20061212006151.MON.chlor_a.csv,25--,799.054508805,28.5376610288,28.553352356,0.0382572395494,0.00146361637794,28.5757318139,28.4565291405,985680,459694,28
S20061212006151.MON.chlor_a.csv,30--,0,0,0,0,0,0,0,985680,459694,0
S20061212006151.MON.chlor_a.csv,35--,0,0,0,0,0,0,0,985680,459694,0
S20061212006151.MON.chlor_a.csv,40--,1110.95118305,41.146340113,41.1359758973,0.025422764203,0.000646316939721,41.2139659226,41.1359758973,985680,459694,27
S20061212006151.MON.chlor_a.csv,45--,0,0,0,0,0,0,0,985680,459694,0
S20061212006151.MON.chlor_a.csv,50--,0,0,0,0,0,0,0,985680,459694,0
S20061212006151.MON.chlor_a.csv,55--,0,0,0,0,0,0,0,985680,459694,0
S20061212006151.MON.chlor_a.csv,60--,0,0,0,0,0,0,0,985680,459694,0
S20061212006151.MON.chlor_a.csv,65--,0,0,0,0,0,0,0,985680,459694,0
S20061522006181.MON.chlor_a.csv,0--,175842.953767,0.415345986954,0.354482769966,0.257214403384,0.0661592493082,4.9019575119,0.124053947628,985680,562217,423365
S20061522006181.MON.chlor_a.csv,5--,566.704108238,5.78269498202,5.78509044647,0.50514851311,0.255175020297,6.54118776321,5.24778842926,985680,562217,98
S20061522006181.MON.chlor_a.csv,10--,0,0,0,0,0,0,0,985680,562217,0
S20061522006181.MON.chlor_a.csv,15--,0,0,0,0,0,0,0,985680,562217,0
S20061522006181.MON.chlor_a.csv,20--,0,0,0,0,0,0,0,985680,562217,0
S20061522006181.MON.chlor_a.csv,25--,0,0,0,0,0,0,0,985680,562217,0
S20061522006181.MON.chlor_a.csv,30--,0,0,0,0,0,0,0,985680,562217,0
S20061522006181.MON.chlor_a.csv,35--,0,0,0,0,0,0,0,985680,562217,0
S20061522006181.MON.chlor_a.csv,40--,0,0,0,0,0,0,0,985680,562217,0
S20061522006181.MON.chlor_a.csv,45--,0,0,0,0,0,0,0,985680,562217,0
S20061522006181.MON.chlor_a.csv,50--,0,0,0,0,0,0,0,985680,562217,0
S20061522006181.MON.chlor_a.csv,55--,0,0,0,0,0,0,0,985680,562217,0
S20061522006181.MON.chlor_a.csv,60--,0,0,0,0,0,0,0,985680,562217,0
S20061522006181.MON.chlor_a.csv,65--,0,0,0,0,0,0,0,985680,562217,0
S20061822006212.MON.chlor_a.csv,0--,218393.962077,0.498578787619,0.371120899916,0.479758251696,0.230167980071,4.99803725878,0.113027319312,985680,546090,438033
S20061822006212.MON.chlor_a.csv,5--,7925.09411674,6.34515141452,5.84279489517,1.37781913824,1.89838557771,9.92092704773,5.01179134846,985680,546090,1249
S20061822006212.MON.chlor_a.csv,10--,3182.85575708,11.5320860764,11.3016103109,1.07034780489,1.14564442342,14.8202575048,10.0146045685,985680,546090,276
S20061822006212.MON.chlor_a.csv,15--,583.113905907,18.2223095596,18.6749229431,1.00216232291,1.00432932147,18.6749229431,15.1457209587,985680,546090,32
S20061822006212.MON.chlor_a.csv,20--,0,0,0,0,0,0,0,985680,546090,0
S20061822006212.MON.chlor_a.csv,25--,0,0,0,0,0,0,0,985680,546090,0
S20061822006212.MON.chlor_a.csv,30--,0,0,0,0,0,0,0,985680,546090,0
S20061822006212.MON.chlor_a.csv,35--,0,0,0,0,0,0,0,985680,546090,0
S20061822006212.MON.chlor_a.csv,40--,0,0,0,0,0,0,0,985680,546090,0
S20061822006212.MON.chlor_a.csv,45--,0,0,0,0,0,0,0,985680,546090,0
S20061822006212.MON.chlor_a.csv,50--,0,0,0,0,0,0,0,985680,546090,0
S20061822006212.MON.chlor_a.csv,55--,0,0,0,0,0,0,0,985680,546090,0
S20061822006212.MON.chlor_a.csv,60--,0,0,0,0,0,0,0,985680,546090,0
S20061822006212.MON.chlor_a.csv,65--,0,0,0,0,0,0,0,985680,546090,0
S20062132006243.MON.chlor_a.csv,0--,220271.479232,0.381372945906,0.27078467235,0.356799668315,0.12730600331,4.98660780702,0.0957075729966,985680,407407,577575
S20062132006243.MON.chlor_a.csv,5--,2927.51169848,6.39194693991,6.29548549652,1.00923630305,1.01855791539,9.42165470123,5.0093755722,985680,407407,458
S20062132006243.MON.chlor_a.csv,10--,1400.32929994,11.7674731087,11.0402526855,1.44328399457,2.08306868897,14.1172847748,10.0475511253,985680,407407,119
S20062132006243.MON.chlor_a.csv,15--,1213.47292732,16.8537906573,16.9779429436,0.904665484588,0.818419639006,18.6748155832,15.2966995239,985680,407407,72
S20062132006243.MON.chlor_a.csv,20--,698.335385472,23.2778461824,24.8782272339,2.04136719545,4.16718002668,24.8782272339,20.2154369354,985680,407407,30
S20062132006243.MON.chlor_a.csv,25--,490.952227592,27.2751237551,27.8531627655,0.646267260412,0.417661371881,27.8531627655,26.5525749922,985680,407407,18
S20062132006243.MON.chlor_a.csv,30--,0,0,0,0,0,0,0,985680,407407,0
S20062132006243.MON.chlor_a.csv,35--,39.4133946896,39.4133946896,39.4133946896,0.0,0.0,39.4133946896,39.4133946896,985680,407407,1
S20062132006243.MON.chlor_a.csv,40--,0,0,0,0,0,0,0,985680,407407,0
S20062132006243.MON.chlor_a.csv,45--,0,0,0,0,0,0,0,985680,407407,0
S20062132006243.MON.chlor_a.csv,50--,0,0,0,0,0,0,0,985680,407407,0
S20062132006243.MON.chlor_a.csv,55--,0,0,0,0,0,0,0,985680,407407,0
S20062132006243.MON.chlor_a.csv,60--,0,0,0,0,0,0,0,985680,407407,0
S20062132006243.MON.chlor_a.csv,65--,0,0,0,0,0,0,0,985680,407407,0
S20062442006273.MON.chlor_a.csv,0--,357243.336081,0.61789594262,0.401827818155,0.55031493008,0.302846522269,4.99655771255,0.118584245443,985680,406551,578161
S20062442006273.MON.chlor_a.csv,5--,5002.01155994,6.49611890901,6.23263907433,1.14762950291,1.31705347595,9.7966931661,5.01338291168,985680,406551,770
S20062442006273.MON.chlor_a.csv,10--,1021.91598789,12.7739498486,13.2759121259,1.34406887239,1.80652113373,13.9710878134,10.0425762335,985680,406551,80
S20062442006273.MON.chlor_a.csv,15--,398.775606155,15.3375233137,15.0814657211,0.276573810184,0.0764930724795,15.6362571716,15.0814657211,985680,406551,26
S20062442006273.MON.chlor_a.csv,20--,752.927568555,22.1449284869,21.7680282593,0.450562965618,0.203006985986,22.6903114319,21.7680282593,985680,406551,34
S20062442006273.MON.chlor_a.csv,25--,563.891214788,29.6784849888,29.6638269424,0.062188824034,0.00386744983473,29.942329824,29.6638269424,985680,406551,19
S20062442006273.MON.chlor_a.csv,30--,603.307743907,30.1653871953,30.0159921845,0.244775795731,0.0599151901755,30.7262648741,30.0159921845,985680,406551,20
S20062442006273.MON.chlor_a.csv,35--,0,0,0,0,0,0,0,985680,406551,0
S20062442006273.MON.chlor_a.csv,40--,694.592347741,43.4120217338,43.1416128874,0.601969093673,0.362366789737,44.6643434167,43.0932828784,985680,406551,16
S20062442006273.MON.chlor_a.csv,45--,136.024209857,45.3414032857,45.4261702299,0.119878562199,0.0143708696748,45.4261702299,45.1718693972,985680,406551,3
S20062442006273.MON.chlor_a.csv,50--,0,0,0,0,0,0,0,985680,406551,0
S20062442006273.MON.chlor_a.csv,55--,0,0,0,0,0,0,0,985680,406551,0
S20062442006273.MON.chlor_a.csv,60--,0,0,0,0,0,0,0,985680,406551,0
S20062442006273.MON.chlor_a.csv,65--,0,0,0,0,0,0,0,985680,406551,0
S20062742006304.MON.chlor_a.csv,0--,331139.634044,0.573074492575,0.488467231393,0.342212040797,0.117109080866,4.99681750933,0.0995356813073,985680,407503,577830
S20062742006304.MON.chlor_a.csv,5--,2051.90694137,6.93211804516,7.0198604688,1.34734825472,1.8153473195,9.24218428135,5.01320644617,985680,407503,296
S20062742006304.MON.chlor_a.csv,10--,567.171903431,11.1210177143,10.916680932,0.731423052449,0.534979681654,12.121761322,10.4533424377,985680,407503,51
S20062742006304.MON.chlor_a.csv,15--,0,0,0,0,0,0,0,985680,407503,0
S20062742006304.MON.chlor_a.csv,20--,0,0,0,0,0,0,0,985680,407503,0
S20062742006304.MON.chlor_a.csv,25--,0,0,0,0,0,0,0,985680,407503,0
S20062742006304.MON.chlor_a.csv,30--,0,0,0,0,0,0,0,985680,407503,0
S20062742006304.MON.chlor_a.csv,35--,0,0,0,0,0,0,0,985680,407503,0
S20062742006304.MON.chlor_a.csv,40--,0,0,0,0,0,0,0,985680,407503,0
S20062742006304.MON.chlor_a.csv,45--,0,0,0,0,0,0,0,985680,407503,0
S20062742006304.MON.chlor_a.csv,50--,0,0,0,0,0,0,0,985680,407503,0
S20062742006304.MON.chlor_a.csv,55--,0,0,0,0,0,0,0,985680,407503,0
S20062742006304.MON.chlor_a.csv,60--,0,0,0,0,0,0,0,985680,407503,0
S20062742006304.MON.chlor_a.csv,65--,0,0,0,0,0,0,0,985680,407503,0
S20063052006334.MON.chlor_a.csv,0--,462374.507954,0.890987709615,0.736499905586,0.517893102046,0.268213265147,4.99776947498,0.109620332718,985680,463896,518946
S20063052006334.MON.chlor_a.csv,5--,16287.1769185,6.6234961035,6.21484279633,1.24291523319,1.5448382769,9.99479707082,5.00200299422,985680,463896,2459
S20063052006334.MON.chlor_a.csv,10--,3718.37101551,12.1119577052,11.7269312243,1.52254838472,2.31815358381,14.9572690328,10.0226979256,985680,463896,307
S20063052006334.MON.chlor_a.csv,15--,973.195834557,17.0736111326,15.9734641314,2.02106168809,4.08469034707,19.9576053619,15.0264676412,985680,463896,57
S20063052006334.MON.chlor_a.csv,20--,164.209589005,20.5261986256,20.4053764343,0.319665470875,0.10218601327,21.3719539642,20.4053764343,985680,463896,8
S20063052006334.MON.chlor_a.csv,25--,188.999092102,26.9998703003,26.9998703003,0.0,0.0,26.9998703003,26.9998703003,985680,463896,7
S20063052006334.MON.chlor_a.csv,30--,0,0,0,0,0,0,0,985680,463896,0
S20063052006334.MON.chlor_a.csv,35--,0,0,0,0,0,0,0,985680,463896,0
S20063052006334.MON.chlor_a.csv,40--,0,0,0,0,0,0,0,985680,463896,0
S20063052006334.MON.chlor_a.csv,45--,0,0,0,0,0,0,0,985680,463896,0
S20063052006334.MON.chlor_a.csv,50--,0,0,0,0,0,0,0,985680,463896,0
S20063052006334.MON.chlor_a.csv,55--,0,0,0,0,0,0,0,985680,463896,0
S20063052006334.MON.chlor_a.csv,60--,0,0,0,0,0,0,0,985680,463896,0
S20063052006334.MON.chlor_a.csv,65--,0,0,0,0,0,0,0,985680,463896,0
S20063352006365.MON.chlor_a.csv,0--,326576.404782,0.746579806557,0.6594583715,0.410584781726,0.168579862985,4.9887394309,0.0627349466085,985680,547580,437430
S20063352006365.MON.chlor_a.csv,5--,3650.05773571,6.68508742804,6.43038709958,1.35368310643,1.83245795263,9.60434627533,5.00404509902,985680,547580,546
S20063352006365.MON.chlor_a.csv,10--,813.852515365,12.5208079287,12.1109067251,1.86149380864,3.46515919962,14.4788692176,10.0669298172,985680,547580,65
S20063352006365.MON.chlor_a.csv,15--,1045.67029703,17.7232253735,18.6488304138,1.245545487,1.55138356019,18.6488304138,15.4880409241,985680,547580,59
S20063352006365.MON.chlor_a.csv,20--,0,0,0,0,0,0,0,985680,547580,0
S20063352006365.MON.chlor_a.csv,25--,0,0,0,0,0,0,0,985680,547580,0
S20063352006365.MON.chlor_a.csv,30--,0,0,0,0,0,0,0,985680,547580,0
S20063352006365.MON.chlor_a.csv,35--,0,0,0,0,0,0,0,985680,547580,0
S20063352006365.MON.chlor_a.csv,40--,0,0,0,0,0,0,0,985680,547580,0
S20063352006365.MON.chlor_a.csv,45--,0,0,0,0,0,0,0,985680,547580,0
S20063352006365.MON.chlor_a.csv,50--,0,0,0,0,0,0,0,985680,547580,0
S20063352006365.MON.chlor_a.csv,55--,0,0,0,0,0,0,0,985680,547580,0
S20063352006365.MON.chlor_a.csv,60--,0,0,0,0,0,0,0,985680,547580,0
S20063352006365.MON.chlor_a.csv,65--,0,0,0,0,0,0,0,985680,547580,0
